,id,title,description,store,price,images__0__src,images__1__src,handle
0,8375866949802,IVORY BROCADE WAISTCOAT & WIDE-LEGGED PANT SET,"title: IVORY BROCADE WAISTCOAT & WIDE-LEGGED PANT SETproduct_type: body_html: <p>Ivory Textured Brocade Waistcoat. Sleeveless with Shawl Collar. Side Peplum Shaping for Architectural Structure. Concealed Front with Hook/eye and Button Closure. Paired with Matching High Waisted Satin Lurex Twill Weave Pant with Flared Hem. Inverted Sewn Down Pleats at the Waist to Add a Flattering Shape. Elasticated at the Waist with a Hook/eye and Zip Closure at the Side.</p>
<p>Model Height is<strong> 5'9"" </strong>and is wearing the size <strong>XS</strong>.</p>
<h3>Fabric and Wash Care</h3>
<p><strong>Fabric: </strong><span data-sheets-userformat='{""2"":13249,""3"":{""1"":0},""9"":1,""10"":1,""11"":4,""12"":0,""15"":""Calibri"",""16"":13}' data-sheets-value='{""1"":2,""2"":""100% Tencel""}' data-sheets-root=""1""><span data-sheets-userformat='{""2"":13249,""3"":{""1"":0},""9"":1,""10"":1,""11"":4,""12"":0,""15"":""Calibri"",""16"":13}' data-sheets-value='{""1"":2,""2"":""100% Recycled Polyester""}' data-sheets-root=""1""><span data-sheets-root=""1"" data-sheets-value='{""1"":2,""2"":""100% Viscose""}' data-sheets-userformat='{""2"":13249,""3"":{""1"":0},""9"":1,""10"":1,""11"":4,""12"":0,""15"":""Calibri"",""16"":13}'><span data-sheets-root=""1"" data-sheets-value='{""1"":2,""2"":""70% Viscose 30% Linen""}' data-sheets-userformat='{""2"":13249,""3"":{""1"":0},""9"":1,""10"":1,""11"":4,""12"":0,""15"":""Calibri"",""16"":13}'><span data-sheets-root=""1"">80% Ryon, 12% Polyester, 8% Nylon</span></span></span></span></span></p>
<p><strong style=""font-family: -apple-system, BlinkMacSystemFont, 'San Francisco', 'Segoe UI', Roboto, 'Helvetica Neue', sans-serif; font-size: 0.875rem;"">Wash Care: </strong><span style=""font-size: 0.875rem;"" data-sheets-userformat='{""2"":13249,""3"":{""1"":0},""9"":1,""10"":1,""11"":4,""12"":0,""15"":""Calibri"",""16"":13}' data-sheets-value='{""1"":2,""2"":""Machine wash cold. Normal with like colours. Use only non-chlorine bleach. Cool iron if needed. Tumble dry low. May be dry cleaned.""}' data-sheets-root=""1""><span data-sheets-userformat='{""2"":13249,""3"":{""1"":0},""9"":1,""10"":1,""11"":4,""12"":0,""15"":""Calibri"",""16"":13}' data-sheets-value='{""1"":2,""2"":""Machine wash cold. Normal with like colours. Use only non-chlorine bleach. Cool iron if needed. Tumble dry low. May be dry cleaned.""}' data-sheets-root=""1""><span data-sheets-userformat='{""2"":13249,""3"":{""1"":0},""9"":1,""10"":1,""11"":4,""12"":0,""15"":""Calibri"",""16"":13}' data-sheets-value='{""1"":2,""2"":""Hand wash cold. Use only non-chlorine bleach. Cool iron if needed. Line dry. May be dry cleaned.""}' data-sheets-root=""1""><span data-sheets-userformat='{""2"":13249,""3"":{""1"":0},""9"":1,""10"":1,""11"":4,""12"":0,""15"":""Calibri"",""16"":13}' data-sheets-value='{""1"":2,""2"":""Machine wash cold. Gentle with like colours. Use only non-chlorine bleach. Cool iron if needed. Do not tumble dry""}' data-sheets-root=""1""><span data-sheets-root=""1"" data-sheets-value='{""1"":2,""2"":""Machine wash cold. Gentle with like colours. Use only non-chlorine bleach. Cool iron if needed. Do not tumble dry""}' data-sheets-userformat='{""2"":13251,""3"":{""1"":0},""4"":{""1"":2,""2"":16776960},""9"":1,""10"":1,""11"":4,""12"":0,""15"":""Calibri"",""16"":13}'><span data-sheets-root=""1"" data-sheets-value='{""1"":2,""2"":""Hand wash cold. Use only non-chlorine bleach. Cool iron if needed. Line dry. Do not dry clean.""}' data-sheets-userformat='{""2"":13251,""3"":{""1"":0},""4"":{""1"":2,""2"":16776960},""9"":1,""10"":1,""11"":4,""12"":0,""15"":""Calibri"",""16"":13}'><span data-sheets-root=""1"">Hand wash cold. Use only non-chlorine bleach. Cool iron if needed. Line dry. Do not dry clean.</span></span></span></span></span></span></span></p>",dashanddot,12080.0,https://cdn.shopify.com/s/files/1/0267/2394/2570/files/8_8572ce07-8efb-46ab-8a7c-0368a4f50936.jpg?v=1771052510,https://cdn.shopify.com/s/files/1/0267/2394/2570/files/7_6232fda8-4796-4f15-9208-3fcbf1ab3898.jpg?v=1771052559,ivory-brocade-waistcoat-wide-legged-pant-set
1,8373868265642,DENIM FRAYED JACKET AND DROP CROTCH PANT,"title: DENIM FRAYED JACKET AND DROP CROTCH PANTproduct_type: Co-ord Setbody_html: <p>Relaxed Fit Denim Jacket with Contrast Running-Stitch Detailing Across the Surface. Band Collar Detailed with Raw, Frayed Edges. Front Metal Button Closure with Matching Buttoned Cuffs. Full Sleeves with Flap Pockets Placed on the Front. Paired with Matching Drop-Crotch Pant in a Relaxed, Boxy Fit. Contrast Running-Stitch Detailing Along the Edges. Semi-Elasticated Waistband with Belt Loops at the Waist. Concealed Zip with Metal Button Closure. Side Pockets with Patch Pockets at the Back.</p>
<p>Model Height is<strong> 6'0"" </strong>and is wearing the size <strong>S</strong>.</p>
<h3>Fabric and Wash Care</h3>
<p><strong>Fabric: </strong>100% Organic Cotton</p>
<p><strong style=""font-family: -apple-system, BlinkMacSystemFont, 'San Francisco', 'Segoe UI', Roboto, 'Helvetica Neue', sans-serif; font-size: 0.875rem;"">Wash Care: </strong><span style=""font-family: -apple-system, BlinkMacSystemFont, 'San Francisco', 'Segoe UI', Roboto, 'Helvetica Neue', sans-serif; font-size: 0.875rem;"">Hand wash cold. Gentle with like colours. Use only non-chlorine bleach. Do not Iron. Do not tumble dry.</span></p>
<p> </p>",dashanddot,8980.0,https://cdn.shopify.com/s/files/1/0267/2394/2570/files/04_42b27e2d-378b-4b34-aef5-0d74dcf2ce1f.jpg?v=1770870962,https://cdn.shopify.com/s/files/1/0267/2394/2570/files/06_9a730a5a-7718-4f7e-8900-8151759301a5.jpg?v=1770870962,denim-frayed-jacket-drop-crotch-pant-set
2,8373868101802,DENIM DROP CROTCH PANT,"title: DENIM DROP CROTCH PANTproduct_type: Bottombody_html: <p><meta charset=""utf-8"">Drop-Crotch Denim Pant in a Relaxed, Boxy Fit. Contrast Running-Stitch Detailing Along the Edges. Semi-Elasticated Waistband with Belt Loops at the Waist. Concealed Zip with Metal Button Closure. Side Pockets with Patch Pockets at the Back.<br></p>
<p><span data-sheets-userformat='{""2"":11201,""3"":{""1"":0},""9"":1,""10"":1,""11"":4,""12"":0,""14"":{""1"":2,""2"":0},""16"":13}' data-sheets-value='{""1"":2,""2"":""Black and metallic soft brocade pant in Baroque inspired pattern. Tapered fit.\n""}' data-sheets-root=""1""><span data-sheets-userformat='{""2"":9155,""3"":{""1"":0},""4"":{""1"":2,""2"":65280},""9"":1,""10"":1,""11"":4,""12"":0,""16"":11}' data-sheets-value='{""1"":2,""2"":""Wide-leg pants in a relaxed fit with a pistachio base and tonal green floral pattern. Featuring a semi-elasticated waistband with drawstring, side and back pockets, and crafted from a natural linen blend.""}' data-sheets-root=""1""></span></span><span data-sheets-userformat='{""2"":11201,""3"":{""1"":0},""9"":1,""10"":1,""11"":4,""12"":0,""14"":{""1"":2,""2"":0},""16"":13}' data-sheets-value='{""1"":2,""2"":""Black and metallic soft brocade pant in Baroque inspired pattern. Tapered fit.\n""}' data-sheets-root=""1""></span><meta charset=""utf-8"">Model Height is<strong> 6'0"" </strong>and is wearing the size <strong>S</strong>.</p>
<h3>Fabric and Wash Care</h3>
<p><strong>Fabric: </strong>100% Organic Cotton</p>
<p><strong style=""font-family: -apple-system, BlinkMacSystemFont, 'San Francisco', 'Segoe UI', Roboto, 'Helvetica Neue', sans-serif; font-size: 0.875rem;"">Wash Care: </strong><span style=""font-family: -apple-system, BlinkMacSystemFont, 'San Francisco', 'Segoe UI', Roboto, 'Helvetica Neue', sans-serif; font-size: 0.875rem;""><span style=""font-family: -apple-system, BlinkMacSystemFont, 'San Francisco', 'Segoe UI', Roboto, 'Helvetica Neue', sans-serif; font-size: 0.875rem;"">Hand wash cold. Gentle with like colours. Use only non-chlorine bleach. Do not Iron. Do not tumble dry.</span></span></p>",dashanddot,4490.0,https://cdn.shopify.com/s/files/1/0267/2394/2570/files/04_42b27e2d-378b-4b34-aef5-0d74dcf2ce1f.jpg?v=1770870962,https://cdn.shopify.com/s/files/1/0267/2394/2570/files/06_9a730a5a-7718-4f7e-8900-8151759301a5.jpg?v=1770870962,denim-drop-crotch-pant
3,8373862138026,DENIM FRAYED JACKET,"title: DENIM FRAYED JACKETproduct_type: Topbody_html: <p><meta charset=""utf-8"">Relaxed Fit Denim Jacket with Contrast Running-Stitch Detailing Across the Surface. Band Collar Detailed with Raw, Frayed Edges. Front Metal Button Closure with Matching Buttoned Cuffs. Full Sleeves with Flap Pockets Placed on the Front.<br></p>
<p><span data-sheets-userformat='{""2"":11201,""3"":{""1"":0},""9"":1,""10"":1,""11"":4,""12"":0,""14"":{""1"":2,""2"":0},""16"":13}' data-sheets-value='{""1"":2,""2"":""Black and metallic soft brocade pant in Baroque inspired pattern. Tapered fit.\n""}' data-sheets-root=""1""><span data-sheets-userformat='{""2"":9155,""3"":{""1"":0},""4"":{""1"":2,""2"":65280},""9"":1,""10"":1,""11"":4,""12"":0,""16"":11}' data-sheets-value='{""1"":2,""2"":""Wide-leg pants in a relaxed fit with a pistachio base and tonal green floral pattern. Featuring a semi-elasticated waistband with drawstring, side and back pockets, and crafted from a natural linen blend.""}' data-sheets-root=""1""></span></span><span data-sheets-userformat='{""2"":11201,""3"":{""1"":0},""9"":1,""10"":1,""11"":4,""12"":0,""14"":{""1"":2,""2"":0},""16"":13}' data-sheets-value='{""1"":2,""2"":""Black and metallic soft brocade pant in Baroque inspired pattern. Tapered fit.\n""}' data-sheets-root=""1""></span><meta charset=""utf-8"">Model Height is<strong> 6'0"" </strong>and is wearing the size <strong>S</strong>.</p>
<h3>Fabric and Wash Care</h3>
<p><strong>Fabric: </strong>100% Organic Cotton</p>
<p><strong style=""font-family: -apple-system, BlinkMacSystemFont, 'San Francisco', 'Segoe UI', Roboto, 'Helvetica Neue', sans-serif; font-size: 0.875rem;"">Wash Care: </strong><span style=""font-family: -apple-system, BlinkMacSystemFont, 'San Francisco', 'Segoe UI', Roboto, 'Helvetica Neue', sans-serif; font-size: 0.875rem;""><span style=""font-family: -apple-system, BlinkMacSystemFont, 'San Francisco', 'Segoe UI', Roboto, 'Helvetica Neue', sans-serif; font-size: 0.875rem;"">Hand wash cold. Gentle with like colours. Use only non-chlorine bleach. Do not Iron. Do not tumble dry.</span></span></p>",dashanddot,4490.0,https://cdn.shopify.com/s/files/1/0267/2394/2570/files/01_38710dd8-43bf-4e07-98bf-429f2fb7c8b8.jpg?v=1770870679,https://cdn.shopify.com/s/files/1/0267/2394/2570/files/04_42b27e2d-378b-4b34-aef5-0d74dcf2ce1f.jpg?v=1770870962,textured-stripe-shirt-copy
4,8367482372266,TEXTURED STRIPE SET,"title: TEXTURED STRIPE SETproduct_type: Co-ord Setbody_html: <p><span data-sheets-root=""1"">Relaxed fit shirt in lightweight textured fabric with a vertical surface pattern. Concealed button placket and lapel collar. Full sleeves with patch pockets at the front. Paired with matching pant. Elasticated waistband with an adjustable drawstring at the waist. Patch pockets at the back.</span></p>
<p>Model Height is<strong> 6'0"" </strong>and is wearing the size <strong>S</strong>.</p>
<h3>Fabric and Wash Care</h3>
<p><strong>Fabric: </strong>100% Organic Cotton</p>
<p><strong style=""font-family: -apple-system, BlinkMacSystemFont, 'San Francisco', 'Segoe UI', Roboto, 'Helvetica Neue', sans-serif; font-size: 0.875rem;"">Wash Care: </strong><span style=""font-family: -apple-system, BlinkMacSystemFont, 'San Francisco', 'Segoe UI', Roboto, 'Helvetica Neue', sans-serif; font-size: 0.875rem;"">Hand wash cold. Gentle with like colours. Use only non-chlorine bleach. Do not Iron. Do not tumble dry.</span></p>",dashanddot,7980.0,https://cdn.shopify.com/s/files/1/0267/2394/2570/files/bc1.jpg?v=1770289990,https://cdn.shopify.com/s/files/1/0267/2394/2570/files/bc9.jpg?v=1770289975,textured-stripe-set-2
5,8367478243498,TEXTURED STRIPE PANT,"title: TEXTURED STRIPE PANTproduct_type: Bottombody_html: <p><meta charset=""utf-8""><span data-sheets-root=""1"">Relaxed fit pant in lightweight textured fabric with a vertical surface pattern. Elasticated waistband with an adjustable drawstring. Patch pockets at the back. </span><br></p>
<p><span data-sheets-userformat='{""2"":11201,""3"":{""1"":0},""9"":1,""10"":1,""11"":4,""12"":0,""14"":{""1"":2,""2"":0},""16"":13}' data-sheets-value='{""1"":2,""2"":""Black and metallic soft brocade pant in Baroque inspired pattern. Tapered fit.\n""}' data-sheets-root=""1""><span data-sheets-userformat='{""2"":9155,""3"":{""1"":0},""4"":{""1"":2,""2"":65280},""9"":1,""10"":1,""11"":4,""12"":0,""16"":11}' data-sheets-value='{""1"":2,""2"":""Wide-leg pants in a relaxed fit with a pistachio base and tonal green floral pattern. Featuring a semi-elasticated waistband with drawstring, side and back pockets, and crafted from a natural linen blend.""}' data-sheets-root=""1""></span></span><span data-sheets-userformat='{""2"":11201,""3"":{""1"":0},""9"":1,""10"":1,""11"":4,""12"":0,""14"":{""1"":2,""2"":0},""16"":13}' data-sheets-value='{""1"":2,""2"":""Black and metallic soft brocade pant in Baroque inspired pattern. Tapered fit.\n""}' data-sheets-root=""1""></span><meta charset=""utf-8"">Model Height is<strong> 6'0"" </strong>and is wearing the size <strong>S</strong>.</p>
<h3>Fabric and Wash Care</h3>
<p><strong>Fabric: </strong>100% Organic Cotton</p>
<p><strong style=""font-family: -apple-system, BlinkMacSystemFont, 'San Francisco', 'Segoe UI', Roboto, 'Helvetica Neue', sans-serif; font-size: 0.875rem;"">Wash Care: </strong><span style=""font-family: -apple-system, BlinkMacSystemFont, 'San Francisco', 'Segoe UI', Roboto, 'Helvetica Neue', sans-serif; font-size: 0.875rem;""><span style=""font-family: -apple-system, BlinkMacSystemFont, 'San Francisco', 'Segoe UI', Roboto, 'Helvetica Neue', sans-serif; font-size: 0.875rem;"">Hand wash cold. Gentle with like colours. Use only non-chlorine bleach. Do not Iron. Do not tumble dry.</span></span></p>",dashanddot,3990.0,https://cdn.shopify.com/s/files/1/0267/2394/2570/files/bc9.jpg?v=1770289975,https://cdn.shopify.com/s/files/1/0267/2394/2570/files/bc1.jpg?v=1770289990,textured-stripe-pant-1
6,8367469658282,TEXTURED STRIPE SHIRT,"title: TEXTURED STRIPE SHIRTproduct_type: Topbody_html: <p><meta charset=""utf-8""><span data-sheets-root=""1"">Relaxed fit shirt in lightweight textured fabric with a vertical surface pattern. Concealed button placket and lapel collar. Full sleeves with patch pockets at the front. </span><br></p>
<p><span data-sheets-root=""1"" data-sheets-value='{""1"":2,""2"":""Black and metallic soft brocade pant in Baroque inspired pattern. Tapered fit.\n""}' data-sheets-userformat='{""2"":11201,""3"":{""1"":0},""9"":1,""10"":1,""11"":4,""12"":0,""14"":{""1"":2,""2"":0},""16"":13}'><span data-sheets-root=""1"" data-sheets-value='{""1"":2,""2"":""Wide-leg pants in a relaxed fit with a pistachio base and tonal green floral pattern. Featuring a semi-elasticated waistband with drawstring, side and back pockets, and crafted from a natural linen blend.""}' data-sheets-userformat='{""2"":9155,""3"":{""1"":0},""4"":{""1"":2,""2"":65280},""9"":1,""10"":1,""11"":4,""12"":0,""16"":11}'></span></span><span data-sheets-root=""1"" data-sheets-value='{""1"":2,""2"":""Black and metallic soft brocade pant in Baroque inspired pattern. Tapered fit.\n""}' data-sheets-userformat='{""2"":11201,""3"":{""1"":0},""9"":1,""10"":1,""11"":4,""12"":0,""14"":{""1"":2,""2"":0},""16"":13}'></span><meta charset=""utf-8"">Model Height is<strong> 6'0"" </strong>and is wearing the size <strong>S</strong>.</p>
<h3>Fabric and Wash Care</h3>
<p><strong>Fabric: </strong>100% Organic Cotton</p>
<p><strong style=""font-family: -apple-system, BlinkMacSystemFont, 'San Francisco', 'Segoe UI', Roboto, 'Helvetica Neue', sans-serif; font-size: 0.875rem;"">Wash Care: </strong><span style=""font-family: -apple-system, BlinkMacSystemFont, 'San Francisco', 'Segoe UI', Roboto, 'Helvetica Neue', sans-serif; font-size: 0.875rem;""><span style=""font-family: -apple-system, BlinkMacSystemFont, 'San Francisco', 'Segoe UI', Roboto, 'Helvetica Neue', sans-serif; font-size: 0.875rem;"">Hand wash cold. Gentle with like colours. Use only non-chlorine bleach. Do not Iron. Do not tumble dry.</span></span></p>",dashanddot,3990.0,https://cdn.shopify.com/s/files/1/0267/2394/2570/files/bc9.jpg?v=1770289975,https://cdn.shopify.com/s/files/1/0267/2394/2570/files/bc1.jpg?v=1770289990,textured-stripe-shirt-1
7,8367154528426,CRINKLED STRIPE SHIRT,"title: CRINKLED STRIPE SHIRTproduct_type: Topbody_html: <p><meta charset=""utf-8""><span data-sheets-root=""1"">Seersucker lightweight button-down shirt with a crinkled vertical stripe texture. Relaxed fit with a classic shirt collar and front overlay tab detailing. Full sleeves with a patch pocket at the chest and an additional utility patch on the sleeve. Lightweight fabric with natural texture and ease.</span></p>
<p><span data-sheets-root=""1"" data-sheets-value='{""1"":2,""2"":""Black and metallic soft brocade pant in Baroque inspired pattern. Tapered fit.\n""}' data-sheets-userformat='{""2"":11201,""3"":{""1"":0},""9"":1,""10"":1,""11"":4,""12"":0,""14"":{""1"":2,""2"":0},""16"":13}'><span data-sheets-root=""1"" data-sheets-value='{""1"":2,""2"":""Wide-leg pants in a relaxed fit with a pistachio base and tonal green floral pattern. Featuring a semi-elasticated waistband with drawstring, side and back pockets, and crafted from a natural linen blend.""}' data-sheets-userformat='{""2"":9155,""3"":{""1"":0},""4"":{""1"":2,""2"":65280},""9"":1,""10"":1,""11"":4,""12"":0,""16"":11}'></span></span><span data-sheets-root=""1"" data-sheets-value='{""1"":2,""2"":""Black and metallic soft brocade pant in Baroque inspired pattern. Tapered fit.\n""}' data-sheets-userformat='{""2"":11201,""3"":{""1"":0},""9"":1,""10"":1,""11"":4,""12"":0,""14"":{""1"":2,""2"":0},""16"":13}'></span><meta charset=""utf-8"">Model Height is<strong> 6'0"" </strong>and is wearing the size <strong>S</strong>.</p>
<h3>Fabric and Wash Care</h3>
<p><strong>Fabric: </strong>100% Organic Cotton</p>
<p><strong style=""font-family: -apple-system, BlinkMacSystemFont, 'San Francisco', 'Segoe UI', Roboto, 'Helvetica Neue', sans-serif; font-size: 0.875rem;"">Wash Care: </strong><span style=""font-family: -apple-system, BlinkMacSystemFont, 'San Francisco', 'Segoe UI', Roboto, 'Helvetica Neue', sans-serif; font-size: 0.875rem;""><span style=""font-family: -apple-system, BlinkMacSystemFont, 'San Francisco', 'Segoe UI', Roboto, 'Helvetica Neue', sans-serif; font-size: 0.875rem;"">Hand wash cold. Gentle with like colours. Use only non-chlorine bleach. Do not Iron. Do not tumble dry.</span></span></p>",dashanddot,5990.0,https://cdn.shopify.com/s/files/1/0267/2394/2570/files/c10_3070d508-8798-4c87-83c4-91261d4f89dd.jpg?v=1770267770,https://cdn.shopify.com/s/files/1/0267/2394/2570/files/co7.jpg?v=1770268174,crinkled-stripe-shirt
8,8367170027690,CRINKLED STRIPE PANT,"title: CRINKLED STRIPE PANTproduct_type: Bottombody_html: <p><meta charset=""utf-8""><span data-sheets-root=""1""><br>Relaxed fit pant in lightweight seersucker fabric with a crinkled vertical stripe texture. Fully elasticated waistband. Patch pockets at the back. Lightweight construction with natural texture and comfort.</span><br></p>
<p><span data-sheets-root=""1"" data-sheets-value='{""1"":2,""2"":""Black and metallic soft brocade pant in Baroque inspired pattern. Tapered fit.\n""}' data-sheets-userformat='{""2"":11201,""3"":{""1"":0},""9"":1,""10"":1,""11"":4,""12"":0,""14"":{""1"":2,""2"":0},""16"":13}'><span data-sheets-root=""1"" data-sheets-value='{""1"":2,""2"":""Wide-leg pants in a relaxed fit with a pistachio base and tonal green floral pattern. Featuring a semi-elasticated waistband with drawstring, side and back pockets, and crafted from a natural linen blend.""}' data-sheets-userformat='{""2"":9155,""3"":{""1"":0},""4"":{""1"":2,""2"":65280},""9"":1,""10"":1,""11"":4,""12"":0,""16"":11}'></span></span><span data-sheets-root=""1"" data-sheets-value='{""1"":2,""2"":""Black and metallic soft brocade pant in Baroque inspired pattern. Tapered fit.\n""}' data-sheets-userformat='{""2"":11201,""3"":{""1"":0},""9"":1,""10"":1,""11"":4,""12"":0,""14"":{""1"":2,""2"":0},""16"":13}'></span><meta charset=""utf-8"">Model Height is<strong> 6'0"" </strong>and is wearing the size <strong>S</strong>.</p>
<h3>Fabric and Wash Care</h3>
<p><strong>Fabric: </strong>100% Organic Cotton</p>
<p><strong style=""font-family: -apple-system, BlinkMacSystemFont, 'San Francisco', 'Segoe UI', Roboto, 'Helvetica Neue', sans-serif; font-size: 0.875rem;"">Wash Care: </strong><span style=""font-family: -apple-system, BlinkMacSystemFont, 'San Francisco', 'Segoe UI', Roboto, 'Helvetica Neue', sans-serif; font-size: 0.875rem;""><span style=""font-family: -apple-system, BlinkMacSystemFont, 'San Francisco', 'Segoe UI', Roboto, 'Helvetica Neue', sans-serif; font-size: 0.875rem;"">Hand wash cold. Gentle with like colours. Use only non-chlorine bleach. Do not Iron. Do not tumble dry.</span></span></p>",dashanddot,5990.0,https://cdn.shopify.com/s/files/1/0267/2394/2570/files/c10_3070d508-8798-4c87-83c4-91261d4f89dd.jpg?v=1770267770,https://cdn.shopify.com/s/files/1/0267/2394/2570/files/co1.jpg?v=1770268174,crinkled-stripe-pant
9,8367409627306,CRINKLED STRIPE PANT SET,"title: CRINKLED STRIPE PANT SETproduct_type: Co-ord Setbody_html: <p><meta charset=""utf-8""><span data-sheets-root=""1"">Seersucker lightweight button-down shirt with a crinkled vertical stripe texture. Relaxed fit with a classic shirt collar and front overlay tab detailing. Full sleeves with a patch pocket at the front and an additional utility patch on the sleeve. Lightweight fabric with natural texture and ease. Paired with matching relaxed fit pant. Fully elasticated waistband. Patch pockets at the back. Lightweight construction with natural texture and comfort.</span><br></p>
<p><span data-sheets-root=""1"" data-sheets-value='{""1"":2,""2"":""Black and metallic soft brocade pant in Baroque inspired pattern. Tapered fit.\n""}' data-sheets-userformat='{""2"":11201,""3"":{""1"":0},""9"":1,""10"":1,""11"":4,""12"":0,""14"":{""1"":2,""2"":0},""16"":13}'><span data-sheets-root=""1"" data-sheets-value='{""1"":2,""2"":""Wide-leg pants in a relaxed fit with a pistachio base and tonal green floral pattern. Featuring a semi-elasticated waistband with drawstring, side and back pockets, and crafted from a natural linen blend.""}' data-sheets-userformat='{""2"":9155,""3"":{""1"":0},""4"":{""1"":2,""2"":65280},""9"":1,""10"":1,""11"":4,""12"":0,""16"":11}'></span></span><span data-sheets-root=""1"" data-sheets-value='{""1"":2,""2"":""Black and metallic soft brocade pant in Baroque inspired pattern. Tapered fit.\n""}' data-sheets-userformat='{""2"":11201,""3"":{""1"":0},""9"":1,""10"":1,""11"":4,""12"":0,""14"":{""1"":2,""2"":0},""16"":13}'></span><meta charset=""utf-8"">Model Height is<strong> 6'0"" </strong>and is wearing the size <strong>S</strong>.</p>
<h3>Fabric and Wash Care</h3>
<p><strong>Fabric: </strong>100% Organic Cotton</p>
<p><strong style=""font-family: -apple-system, BlinkMacSystemFont, 'San Francisco', 'Segoe UI', Roboto, 'Helvetica Neue', sans-serif; font-size: 0.875rem;"">Wash Care: </strong><span style=""font-family: -apple-system, BlinkMacSystemFont, 'San Francisco', 'Segoe UI', Roboto, 'Helvetica Neue', sans-serif; font-size: 0.875rem;"">Hand wash cold. Gentle with like colours. Use only non-chlorine bleach. Do not Iron. Do not tumble dry.</span></p>",dashanddot,11980.0,https://cdn.shopify.com/s/files/1/0267/2394/2570/files/c10_bca0773d-0026-48bf-b068-5cbcdb488210.jpg?v=1770285769,https://cdn.shopify.com/s/files/1/0267/2394/2570/files/co2.jpg?v=1770268174,crinkled-stripe-pant-set
10,8365423788202,DROP CROTCH PANT,"title: DROP CROTCH PANTproduct_type: Bottombody_html: <p><meta charset=""utf-8""><span data-sheets-root=""1"">Drop crotch black pant in a relaxed, boxy fit. Semi-elasticated waistband with belt loops at the waist. Concealed zip and hook/eye closure. Side pockets with patch pockets at the back.</span><br></p>
<p><span data-sheets-root=""1"" data-sheets-value='{""1"":2,""2"":""Black and metallic soft brocade pant in Baroque inspired pattern. Tapered fit.\n""}' data-sheets-userformat='{""2"":11201,""3"":{""1"":0},""9"":1,""10"":1,""11"":4,""12"":0,""14"":{""1"":2,""2"":0},""16"":13}'><span data-sheets-root=""1"" data-sheets-value='{""1"":2,""2"":""Wide-leg pants in a relaxed fit with a pistachio base and tonal green floral pattern. Featuring a semi-elasticated waistband with drawstring, side and back pockets, and crafted from a natural linen blend.""}' data-sheets-userformat='{""2"":9155,""3"":{""1"":0},""4"":{""1"":2,""2"":65280},""9"":1,""10"":1,""11"":4,""12"":0,""16"":11}'></span></span><span data-sheets-root=""1"" data-sheets-value='{""1"":2,""2"":""Black and metallic soft brocade pant in Baroque inspired pattern. Tapered fit.\n""}' data-sheets-userformat='{""2"":11201,""3"":{""1"":0},""9"":1,""10"":1,""11"":4,""12"":0,""14"":{""1"":2,""2"":0},""16"":13}'></span><meta charset=""utf-8"">Model Height is<strong> 6'0"" </strong>and is wearing the size <strong>S</strong>.</p>
<h3>Fabric and Wash Care</h3>
<p><strong>Fabric: </strong>100% Organic Cotton</p>
<p><strong style=""font-family: -apple-system, BlinkMacSystemFont, 'San Francisco', 'Segoe UI', Roboto, 'Helvetica Neue', sans-serif; font-size: 0.875rem;"">Wash Care: </strong><span style=""font-family: -apple-system, BlinkMacSystemFont, 'San Francisco', 'Segoe UI', Roboto, 'Helvetica Neue', sans-serif; font-size: 0.875rem;""><span style=""font-family: -apple-system, BlinkMacSystemFont, 'San Francisco', 'Segoe UI', Roboto, 'Helvetica Neue', sans-serif; font-size: 0.875rem;"">Hand wash cold. Gentle with like colours. Use only non-chlorine bleach. Do not Iron. Do not tumble dry.</span></span></p>",dashanddot,3990.0,https://cdn.shopify.com/s/files/1/0267/2394/2570/files/b7_d328a7a5-1e2b-4fce-83d2-34055a40a55a.jpg?v=1770119019,https://cdn.shopify.com/s/files/1/0267/2394/2570/files/Black_blazer_3_pc.jpg?v=1770119033,drop-crotch-pant
11,8365430145194,LAYERED BLAZER,"title: LAYERED BLAZERproduct_type: Topbody_html: <p><meta charset=""utf-8""><span data-sheets-root=""1"">Black blazer jacket with an integrated sleeveless waistcoat layer, attached at the back with a detachable button to create a layered effect. Asymmetric pointed hem. Notch collar with full sleeves and front pockets. Fully lined.</span><br></p>
<p><span data-sheets-root=""1"" data-sheets-value='{""1"":2,""2"":""Black and metallic soft brocade pant in Baroque inspired pattern. Tapered fit.\n""}' data-sheets-userformat='{""2"":11201,""3"":{""1"":0},""9"":1,""10"":1,""11"":4,""12"":0,""14"":{""1"":2,""2"":0},""16"":13}'><span data-sheets-root=""1"" data-sheets-value='{""1"":2,""2"":""Wide-leg pants in a relaxed fit with a pistachio base and tonal green floral pattern. Featuring a semi-elasticated waistband with drawstring, side and back pockets, and crafted from a natural linen blend.""}' data-sheets-userformat='{""2"":9155,""3"":{""1"":0},""4"":{""1"":2,""2"":65280},""9"":1,""10"":1,""11"":4,""12"":0,""16"":11}'></span></span><span data-sheets-root=""1"" data-sheets-value='{""1"":2,""2"":""Black and metallic soft brocade pant in Baroque inspired pattern. Tapered fit.\n""}' data-sheets-userformat='{""2"":11201,""3"":{""1"":0},""9"":1,""10"":1,""11"":4,""12"":0,""14"":{""1"":2,""2"":0},""16"":13}'></span><meta charset=""utf-8"">Model Height is<strong> 6'0"" </strong>and is wearing the size <strong>S</strong>.</p>
<h3>Fabric and Wash Care</h3>
<p><strong>Fabric: </strong>100% Organic Cotton</p>
<p><strong style=""font-family: -apple-system, BlinkMacSystemFont, 'San Francisco', 'Segoe UI', Roboto, 'Helvetica Neue', sans-serif; font-size: 0.875rem;"">Wash Care: </strong><span style=""font-family: -apple-system, BlinkMacSystemFont, 'San Francisco', 'Segoe UI', Roboto, 'Helvetica Neue', sans-serif; font-size: 0.875rem;""><span style=""font-family: -apple-system, BlinkMacSystemFont, 'San Francisco', 'Segoe UI', Roboto, 'Helvetica Neue', sans-serif; font-size: 0.875rem;"">Hand wash cold. Gentle with like colours. Use only non-chlorine bleach. Do not Iron. Do not tumble dry.</span></span></p>",dashanddot,6990.0,https://cdn.shopify.com/s/files/1/0267/2394/2570/files/b7_d328a7a5-1e2b-4fce-83d2-34055a40a55a.jpg?v=1770119019,https://cdn.shopify.com/s/files/1/0267/2394/2570/files/Black_blazer_3_pc.jpg?v=1770119033,drop-crotch
12,8365435420842,LAYERED BLAZER AND DROP CROTCH PANT,"title: LAYERED BLAZER AND DROP CROTCH PANTproduct_type: Co-ord Setbody_html: <p><span data-sheets-root=""1"">Black blazer jacket with an integrated sleeveless waistcoat layer, attached at the back with a detachable button to create a layered effect. Asymmetric pointed hem. Notch collar with full sleeves and front pockets. Fully lined. Paired with matching drop crotch pant in a relaxed, boxy fit. Semi-elasticated waistband with belt loops at the waist. Concealed zip and hook/eye closure. Side pockets with patch pockets at the back.</span></p>
<p><span data-sheets-userformat='{""2"":11201,""3"":{""1"":0},""9"":1,""10"":1,""11"":4,""12"":0,""14"":{""1"":2,""2"":0},""16"":13}' data-sheets-value='{""1"":2,""2"":""Black and metallic soft brocade pant in Baroque inspired pattern. Tapered fit.\n""}' data-sheets-root=""1""><span data-sheets-userformat='{""2"":9155,""3"":{""1"":0},""4"":{""1"":2,""2"":65280},""9"":1,""10"":1,""11"":4,""12"":0,""16"":11}' data-sheets-value='{""1"":2,""2"":""Wide-leg pants in a relaxed fit with a pistachio base and tonal green floral pattern. Featuring a semi-elasticated waistband with drawstring, side and back pockets, and crafted from a natural linen blend.""}' data-sheets-root=""1""></span></span><span data-sheets-userformat='{""2"":11201,""3"":{""1"":0},""9"":1,""10"":1,""11"":4,""12"":0,""14"":{""1"":2,""2"":0},""16"":13}' data-sheets-value='{""1"":2,""2"":""Black and metallic soft brocade pant in Baroque inspired pattern. Tapered fit.\n""}' data-sheets-root=""1""></span><meta charset=""utf-8"">Model Height is<strong> 6'0"" </strong>and is wearing the size <strong>S</strong>.</p>
<h3>Fabric and Wash Care</h3>
<p><strong>Fabric: </strong>100% Organic Cotton</p>
<p><strong style=""font-family: -apple-system, BlinkMacSystemFont, 'San Francisco', 'Segoe UI', Roboto, 'Helvetica Neue', sans-serif; font-size: 0.875rem;"">Wash Care: </strong><span style=""font-family: -apple-system, BlinkMacSystemFont, 'San Francisco', 'Segoe UI', Roboto, 'Helvetica Neue', sans-serif; font-size: 0.875rem;"">Hand wash cold. Gentle with like colours. Use only non-chlorine bleach. Do not Iron. Do not tumble dry.</span></p>",dashanddot,10980.0,https://cdn.shopify.com/s/files/1/0267/2394/2570/files/b7_d328a7a5-1e2b-4fce-83d2-34055a40a55a.jpg?v=1770119019,https://cdn.shopify.com/s/files/1/0267/2394/2570/files/Black_blazer_3_pc.jpg?v=1770119033,layered-blazer-and-drop-crotch-pant-1
13,8353814118570,PINTUCK PANT SET,"title: PINTUCK PANT SETproduct_type: Co-ord Setbody_html: <p><meta charset=""utf-8""><span data-sheets-root=""1"">Relaxed fit shirt in undyed organic cotton. Strategically placed irregular pintuck detailing creates subtle stripe-like pattern across the surface. Lightweight construction with textural depth. Front button-down placket with a classic shirt collar. Self fabric buttons. Full sleeves with buttoned cuffs. Vents at the sides with a box pleat at the back for ease and movement. Paired with matching straight fit pant. Belt loops at the waist with a concealed zip and hook closure. Pockets in the sides.</span></p>
<p><span data-sheets-root=""1"" data-sheets-value='{""1"":2,""2"":""Black and metallic soft brocade pant in Baroque inspired pattern. Tapered fit.\n""}' data-sheets-userformat='{""2"":11201,""3"":{""1"":0},""9"":1,""10"":1,""11"":4,""12"":0,""14"":{""1"":2,""2"":0},""16"":13}'><span data-sheets-root=""1"" data-sheets-value='{""1"":2,""2"":""Wide-leg pants in a relaxed fit with a pistachio base and tonal green floral pattern. Featuring a semi-elasticated waistband with drawstring, side and back pockets, and crafted from a natural linen blend.""}' data-sheets-userformat='{""2"":9155,""3"":{""1"":0},""4"":{""1"":2,""2"":65280},""9"":1,""10"":1,""11"":4,""12"":0,""16"":11}'></span></span><span data-sheets-root=""1"" data-sheets-value='{""1"":2,""2"":""Black and metallic soft brocade pant in Baroque inspired pattern. Tapered fit.\n""}' data-sheets-userformat='{""2"":11201,""3"":{""1"":0},""9"":1,""10"":1,""11"":4,""12"":0,""14"":{""1"":2,""2"":0},""16"":13}'></span><meta charset=""utf-8"">Model Height is<strong> 6'0"" </strong>and is wearing the size <strong>S</strong>.</p>
<h3>Fabric and Wash Care</h3>
<p><strong>Fabric: </strong>100% Organic Cotton</p>
<p><strong style=""font-family: -apple-system, BlinkMacSystemFont, 'San Francisco', 'Segoe UI', Roboto, 'Helvetica Neue', sans-serif; font-size: 0.875rem;"">Wash Care: </strong><span style=""font-family: -apple-system, BlinkMacSystemFont, 'San Francisco', 'Segoe UI', Roboto, 'Helvetica Neue', sans-serif; font-size: 0.875rem;"">Hand wash cold. Gentle with like colours. Use only non-chlorine bleach. Do not Iron. Do not tumble dry.</span></p>",dashanddot,13980.0,https://cdn.shopify.com/s/files/1/0267/2394/2570/files/Pintuckset1_jpg_dce3c2db-cc9c-4717-9f58-4ae41867a796.jpg?v=1769157335,https://cdn.shopify.com/s/files/1/0267/2394/2570/files/Pintuckset3_jpg_7a4648b5-fbcb-4ae9-999a-e1ee8bb66531.jpg?v=1769157335,pintuck-pant-set
14,8353803763882,PINTUCK PANT,"title: PINTUCK PANTproduct_type: Bottombody_html: <p><meta charset=""utf-8""><meta charset=""utf-8""><span data-sheets-root=""1"">Straight fit pant in undyed organic cotton. Strategically placed irregular pintuck detailing creates a subtle stripe-like pattern across the surface. Belt loops at the waist with a concealed zip and hook closure. Clean finish with a textural, lightweight feel. Pockets in the sides.</span><br></p>
<p><span data-sheets-root=""1"" data-sheets-value='{""1"":2,""2"":""Black and metallic soft brocade pant in Baroque inspired pattern. Tapered fit.\n""}' data-sheets-userformat='{""2"":11201,""3"":{""1"":0},""9"":1,""10"":1,""11"":4,""12"":0,""14"":{""1"":2,""2"":0},""16"":13}'><span data-sheets-root=""1"" data-sheets-value='{""1"":2,""2"":""Wide-leg pants in a relaxed fit with a pistachio base and tonal green floral pattern. Featuring a semi-elasticated waistband with drawstring, side and back pockets, and crafted from a natural linen blend.""}' data-sheets-userformat='{""2"":9155,""3"":{""1"":0},""4"":{""1"":2,""2"":65280},""9"":1,""10"":1,""11"":4,""12"":0,""16"":11}'></span></span><span data-sheets-root=""1"" data-sheets-value='{""1"":2,""2"":""Black and metallic soft brocade pant in Baroque inspired pattern. Tapered fit.\n""}' data-sheets-userformat='{""2"":11201,""3"":{""1"":0},""9"":1,""10"":1,""11"":4,""12"":0,""14"":{""1"":2,""2"":0},""16"":13}'></span><meta charset=""utf-8"">Model Height is<strong> 6'0"" </strong>and is wearing the size <strong>S</strong>.</p>
<h3>Fabric and Wash Care</h3>
<p><strong>Fabric: </strong>100% Organic Cotton</p>
<p><strong style=""font-family: -apple-system, BlinkMacSystemFont, 'San Francisco', 'Segoe UI', Roboto, 'Helvetica Neue', sans-serif; font-size: 0.875rem;"">Wash Care: </strong><span style=""font-family: -apple-system, BlinkMacSystemFont, 'San Francisco', 'Segoe UI', Roboto, 'Helvetica Neue', sans-serif; font-size: 0.875rem;""><span style=""font-family: -apple-system, BlinkMacSystemFont, 'San Francisco', 'Segoe UI', Roboto, 'Helvetica Neue', sans-serif; font-size: 0.875rem;"">Hand wash cold. Gentle with like colours. Use only non-chlorine bleach. Do not Iron. Do not tumble dry.</span></span></p>",dashanddot,6790.0,https://cdn.shopify.com/s/files/1/0267/2394/2570/files/Pintuckset3_jpg.jpg?v=1769156750,https://cdn.shopify.com/s/files/1/0267/2394/2570/files/Pintuckset1_jpg.jpg?v=1769156750,pintuck-pant
15,8352731758762,PINTUCK SHIRT,"title: PINTUCK SHIRTproduct_type: Shirtsbody_html: <p><meta charset=""utf-8""><span data-sheets-root=""1"">Relaxed fit shirt in undyed organic cotton. Strategically placed irregular pintuck detailing creates subtle stripe-like pattern across the surface. Lightweight construction with textural depth. Front button-down placket with a classic shirt collar. Self fabric buttons. Full sleeves with buttoned cuffs. Vents at the sides with a box pleat at the back for ease and movement.</span></p>
<p><span data-sheets-userformat='{""2"":11201,""3"":{""1"":0},""9"":1,""10"":1,""11"":4,""12"":0,""14"":{""1"":2,""2"":0},""16"":13}' data-sheets-value='{""1"":2,""2"":""Black and metallic soft brocade pant in Baroque inspired pattern. Tapered fit.\n""}' data-sheets-root=""1""><span data-sheets-userformat='{""2"":9155,""3"":{""1"":0},""4"":{""1"":2,""2"":65280},""9"":1,""10"":1,""11"":4,""12"":0,""16"":11}' data-sheets-value='{""1"":2,""2"":""Wide-leg pants in a relaxed fit with a pistachio base and tonal green floral pattern. Featuring a semi-elasticated waistband with drawstring, side and back pockets, and crafted from a natural linen blend.""}' data-sheets-root=""1""></span></span><span data-sheets-userformat='{""2"":11201,""3"":{""1"":0},""9"":1,""10"":1,""11"":4,""12"":0,""14"":{""1"":2,""2"":0},""16"":13}' data-sheets-value='{""1"":2,""2"":""Black and metallic soft brocade pant in Baroque inspired pattern. Tapered fit.\n""}' data-sheets-root=""1""></span><meta charset=""utf-8"">Model Height is<strong> 6'0"" </strong>and is wearing the size <strong>S</strong>.</p>
<h3>Fabric and Wash Care</h3>
<p><strong>Fabric: </strong>100% Organic Cotton</p>
<p><strong style=""font-family: -apple-system, BlinkMacSystemFont, 'San Francisco', 'Segoe UI', Roboto, 'Helvetica Neue', sans-serif; font-size: 0.875rem;"">Wash Care: </strong><span style=""font-family: -apple-system, BlinkMacSystemFont, 'San Francisco', 'Segoe UI', Roboto, 'Helvetica Neue', sans-serif; font-size: 0.875rem;""><span style=""font-family: -apple-system, BlinkMacSystemFont, 'San Francisco', 'Segoe UI', Roboto, 'Helvetica Neue', sans-serif; font-size: 0.875rem;"">Hand wash cold. Gentle with like colours. Use only non-chlorine bleach. Do not Iron. Do not tumble dry.</span></span></p>",dashanddot,7190.0,https://cdn.shopify.com/s/files/1/0267/2394/2570/files/Pintuckset1_jpg.jpg?v=1769156750,https://cdn.shopify.com/s/files/1/0267/2394/2570/files/Pintuckset2_jpg.jpg?v=1769156750,embroidered-stripe-shirt-copy
16,8352311541930,RUNNING STITCH SHIRT,"title: RUNNING STITCH SHIRTproduct_type: Shirtsbody_html: <p>Olive green shirt in cotton-linen textured jacquard weave.<br>Vertical white running-stitch embroidery across the surface. Relaxed straight fit. Front button-down closure with a classic shirt collar. Full sleeves with front patch pockets. Artisanal, earthy tone.</p>
<p><span data-sheets-userformat='{""2"":11201,""3"":{""1"":0},""9"":1,""10"":1,""11"":4,""12"":0,""14"":{""1"":2,""2"":0},""16"":13}' data-sheets-value='{""1"":2,""2"":""Black and metallic soft brocade pant in Baroque inspired pattern. Tapered fit.\n""}' data-sheets-root=""1""><span data-sheets-userformat='{""2"":9155,""3"":{""1"":0},""4"":{""1"":2,""2"":65280},""9"":1,""10"":1,""11"":4,""12"":0,""16"":11}' data-sheets-value='{""1"":2,""2"":""Wide-leg pants in a relaxed fit with a pistachio base and tonal green floral pattern. Featuring a semi-elasticated waistband with drawstring, side and back pockets, and crafted from a natural linen blend.""}' data-sheets-root=""1""></span></span><span data-sheets-userformat='{""2"":11201,""3"":{""1"":0},""9"":1,""10"":1,""11"":4,""12"":0,""14"":{""1"":2,""2"":0},""16"":13}' data-sheets-value='{""1"":2,""2"":""Black and metallic soft brocade pant in Baroque inspired pattern. Tapered fit.\n""}' data-sheets-root=""1""></span><meta charset=""utf-8"">Model Height is<strong> 6'0"" </strong>and is wearing the size <strong>S</strong>.</p>
<h3>Fabric and Wash Care</h3>
<p><strong>Fabric: </strong>100% Cotton</p>
<p><strong style=""font-family: -apple-system, BlinkMacSystemFont, 'San Francisco', 'Segoe UI', Roboto, 'Helvetica Neue', sans-serif; font-size: 0.875rem;"">Wash Care: </strong><span style=""font-family: -apple-system, BlinkMacSystemFont, 'San Francisco', 'Segoe UI', Roboto, 'Helvetica Neue', sans-serif; font-size: 0.875rem;""><span style=""font-family: -apple-system, BlinkMacSystemFont, 'San Francisco', 'Segoe UI', Roboto, 'Helvetica Neue', sans-serif; font-size: 0.875rem;"">Hand wash cold. Gentle with like colours. Use only non-chlorine bleach. Do not Iron. Do not tumble dry.</span></span></p>",dashanddot,5990.0,https://cdn.shopify.com/s/files/1/0267/2394/2570/files/human_back_shirt_2_2_1__jpg.jpg?v=1768998261,https://cdn.shopify.com/s/files/1/0267/2394/2570/files/human_back_shirt_2copy1_jpg.jpg?v=1768998261,running-stitch-shirt-4
17,7824684875946,METALLIC BADLA STITCH SKIRT,"title: METALLIC BADLA STITCH SKIRTproduct_type: Bottombody_html: <p data-mce-fragment=""1""><span data-sheets-userformat='{""2"":11203,""3"":{""1"":0},""4"":{""1"":2,""2"":65280},""9"":1,""10"":1,""11"":4,""12"":0,""14"":{""1"":2,""2"":0},""16"":12}' data-sheets-value='{""1"":2,""2"":""Textured longline shirt in a mesmerizing shimmering lamé fabric that drapes elegantly in a relaxed silhouette. Delicately designed with sophisticated waist-high slits on the sides. The shirt has a metallic button closure from the front neck till the waist and is worn open below. The sleeve has metallic buttons on the cuff. \n\nThe shirt is worn over structured high-wiasted pants with placed gota ribbon embroidery all over. Geometric patterned manual embroidery on recycled tulle, the pants are lined with a contrasting chocolate brown fabric to add a touch of elegance. Secure hook-and-zip closure at the front and pockets in the side.\n""}' data-mce-fragment=""1"">Tropical themed motifs framed with geometric borders on the front placket and sleeve cuff. Waist-high slits on the sides of the shirt to show off the embroidery of the skirt. Concealed button placket at the front and metallic button closure at the cuff. grey straight-fit skirt with tonal silver metallic thread embroidery in badla inspired stitches. Tropical themed motifs framed with geometric borders down the sides. Hook-eye and zip closure on the side. Semi-elasticated at the waist. The skirt are fully lined.</span><br data-mce-fragment=""1""></p>
<p data-mce-fragment=""1"">Model Height is <strong data-mce-fragment=""1"">5'8""</strong> and is wearing the size <strong data-mce-fragment=""1"">XS/XS</strong>.</p>
<h3 data-mce-fragment=""1"">Fabric and Wash Care</h3>
<p data-mce-fragment=""1""><strong data-mce-fragment=""1"">Fabric:</strong> <span data-mce-fragment=""1"">100% Nylon</span></p>
<p data-mce-fragment=""1""><strong data-mce-fragment=""1"">Wash Care:</strong> <span data-mce-fragment=""1"">Dry clean only </span></p>",dashanddot,6190.0,https://cdn.shopify.com/s/files/1/0267/2394/2570/files/badla_80b8ac21-182f-4c56-937d-95838f8fe9de.jpg?v=1749879195,https://cdn.shopify.com/s/files/1/0267/2394/2570/files/Untitled_3080x4620px_47bf1d27-ab74-4167-850d-410b9f1d1a2d.gif?v=1693311905,metallic-badla-skirt
18,7566225604778,DRAPE COWL KAFTAN,"title: DRAPE COWL KAFTANproduct_type: Kaftanbody_html: <p><meta charset=""utf-8""><meta charset=""utf-8""><span data-mce-fragment=""1"">Drape cowl kaftan. All-over foil print in soft flowing knitted fabric. V-neck detail. Relaxed fit.</span><br></p>
<p> Model Height is <strong>5'8""</strong> and is wearing the size <strong>XS.</strong></p>
<h3>Fabric and Wash Care</h3>
<p><strong>Fabric:</strong> <meta charset=""utf-8""><span data-mce-fragment=""1"">96% Polyester, 4% Lycra</span></p>
<p><strong>Wash Care: </strong>Dry clean only<strong><br data-mce-fragment=""1""></strong></p>",dashanddot,7290.0,https://cdn.shopify.com/s/files/1/0267/2394/2570/files/CDASH05-OCT-227713_1800x1800_0c3c85db-018c-4382-8b95-07b872cb66be.jpg?v=1749860288,https://cdn.shopify.com/s/files/1/0267/2394/2570/products/01_ed3e4203-0bbb-4313-9835-9a41846b3369.jpg?v=1749860291,drape-cowl-kaftan
19,8315278393514,PEWTER SEQUIN EMBROIDERED SET,"title: PEWTER SEQUIN EMBROIDERED SETproduct_type: Co-ord Setbody_html: <p>Longline top in pewter sequins in a precise geometric pattern that shimmers in shifting light. Slight A-line shape with slits in the sides. V neck and full length sleeves. Concealed back zip with hook/eye closure. Garment is fully lined. Paired with matching wide-legged pant. Concealed side zip and hook/eye closure. Garment is fully lined.</p>
<p><br>Model Height is <strong>5'7""</strong> and is wearing the size <strong> XS </strong><br></p>
<h3>Fabric and Wash Care</h3>
<p><br>Fabric: 100% polyester<br>Wash Care: Hand wash cold. Use only non-chlorine bleach. Cool iron if needed. Line dry. Do not dry clean.</p>",dashanddot,23980.0,https://cdn.shopify.com/s/files/1/0267/2394/2570/files/23_17bcf1d6-18cc-4a1d-af4c-5a334673c0b3.jpg?v=1767760035,https://cdn.shopify.com/s/files/1/0267/2394/2570/files/22_61ef52a0-3314-4e7a-910b-61ea57c77bc3.jpg?v=1767759919,pewter-sequin-embroidered-set-d-25-bundle
20,8315277607082,IVORY SATIN SHIRT & FLORAL SEQUIN MAXI SKIRT,"title: IVORY SATIN SHIRT & FLORAL SEQUIN MAXI SKIRTproduct_type: Co-ord Setbody_html: <p>Ivory satin shirt with a soft, fluid drape. Concealed front button placket and a clean shirt collar. 3/4th drop-shoulder sleeves in a relaxed, boxy fit. Paired with complementary sequin floral embroidered maxi skirt in rich tones of red, gold, and green on a warm base. Dense hand-done florals create an artisanal, high-shine surface with layered shimmer and soft movement. Flared silhouette with an internally elasticated waistband. Concealed back zip with hook/eye closure. Garment is fully lined. Perfect for festive evenings and weddings.</p><br>Model Height is <strong>5'7""</strong> and is wearing the size <strong> XS </strong><br><h3>Fabric and Wash Care</h3><br>Fabric: 100% polyester<br>Wash Care: Hand wash cold. Use only non-chlorine bleach. Cool iron if needed. Line dry. Do not dry clean.",dashanddot,23980.0,https://cdn.shopify.com/s/files/1/0267/2394/2570/files/c_19afbedd-7af1-4275-beac-b125fbff4c8a.jpg?v=1765535963,https://cdn.shopify.com/s/files/1/0267/2394/2570/files/1_c56d31f2-08c7-4a81-964b-d6217511c503.jpg?v=1765536010,ivory-satin-shirt-floral-sequin-maxi-skirt-d-25-bundle
21,8315276492970,HALTER SEQUIN PEPLUM TOP AND FLARED PANT,"title: HALTER SEQUIN PEPLUM TOP AND FLARED PANTproduct_type: Co-ord Setbody_html: <p>Ruby red square sequin embroidered peplum top. Longline top in a sleek, high-shine finish with textural, tonal sequins across the surface. High-neck halter cut with a soft flare towards the hem. Spaghetti straps with a criss-cross low scoop back. Concealed zip closure at the center back. Garment is fully lined. Paired with matching flared pant. The cascading sequin layout creates a fluid shine that moves with the silhouette. The flare gives the pant a sleek, glamorous look. Semi-elasticated waistband for comfort. Concealed side zip with hook/eye closure.</p>
<p><br><br>Model Height is <strong>5'6""</strong> and is wearing the size <strong> XS </strong><br><br></p>
<h3>Fabric and Wash Care</h3>
<p><br><br>Fabric: 100% recycled polyester<br><br>Wash Care: Hand wash cold. Use only non-chlorine bleach. Cool iron if needed. Line dry. Do not dry clean.</p>",dashanddot,14980.0,https://cdn.shopify.com/s/files/1/0267/2394/2570/files/c_e7a50ced-a611-4c59-8639-89b986f08b7e.jpg?v=1765536070,https://cdn.shopify.com/s/files/1/0267/2394/2570/files/1_2_60164db5-2392-4180-b216-69dc08636476.jpg?v=1765536103,halter-sequin-peplum-top-and-flared-pant-d-25-bundle
22,8315276230826,CRYSTAL BUTTON SUIT,"title: CRYSTAL BUTTON SUITproduct_type: Co-ord Setbody_html: <p><span data-sheets-root=""1"">Plum crepe longline blazer with a structured tailored finish. Band collar with show crystal-embellished detailing and a concealed hook/eye closure down the front. Full sleeves with welt pockets at the front. Garment is fully lined. Paired with matching</span> relaxed fit pant with a semi-elasticated waistband. Concealed side zip with hook/eye closure.</p>
<p><br>Model Height is <strong>5'8""</strong> and is wearing the size <strong> XS </strong><br></p>
<h3>Fabric and Wash Care</h3>
<p><br>Fabric: 100% recycled polyester<br>Wash Care: Hand wash cold. Use only non-chlorine bleach. Cool iron if needed. Line dry. Do not dry clean.</p>",dashanddot,15980.0,https://cdn.shopify.com/s/files/1/0267/2394/2570/files/25_a7d68698-693d-488f-a044-74df722f31fa.jpg?v=1767675696,https://cdn.shopify.com/s/files/1/0267/2394/2570/files/24_378a842c-f4a4-46f4-9d15-dba4d7345d6e.jpg?v=1767675696,crystall-button-suit-d-25-bundle
23,8315268759722,SEQUIN EMBROIDERED BOXY TOP & PANT SET,"title: SEQUIN EMBROIDERED BOXY TOP & PANT SETproduct_type: Co-ord Setbody_html: <p><span data-sheets-root=""1"">All-over silver sequin embroidered kaftan top with variegated striped layouts that grow denser toward the center. Sequins catch and shift with light, giving the surface a soft, dimensional glow. V-neckline at the front and round neck at the back. Short drop-shoulder sleeves and a relaxed boxy fit. Concealed hook/eye closure down the front. Paired with matching relaxed fit pant. Concealed side zip and hook/eye closure. Garment is fully lined.</span></p>
<p><br>Model Height is <strong>5'8""</strong> and is wearing the size <strong> XS </strong><br></p>
<h3>Fabric and Wash Care</h3>
<p><br>Fabric: 100% recycled polyester<br>Wash Care: Hand wash cold. Use only non-chlorine bleach. Cool iron if needed. Line dry. Do not dry clean.</p>",dashanddot,19980.0,https://cdn.shopify.com/s/files/1/0267/2394/2570/files/17_f5e31308-fec1-4ed5-bfe8-4f6aea952c77.jpg?v=1767674456,https://cdn.shopify.com/s/files/1/0267/2394/2570/files/18_9b7bdf56-3b0c-4d16-9116-688dd05e80d3.jpg?v=1767674456,sequin-embroidered-boxy-top-pant-set-d-25-bundle
24,8315267121322,ONE-SHOULDER LACE CAPE WITH CUTOWORK & PANT SET,"title: ONE-SHOULDER LACE CAPE WITH CUTOWORK & PANT SETproduct_type: Co-ord Setbody_html: <p>
Metallic patterned one shoulder knit top with a soft shimmer and a fluid drape. Floral lace appliqué frames the round neckline. Cape-style draped sleeve and an asymmetric hemline that falls fluidly with movement. Paired with matching pant with a soft shimmer and fluid drape. Relaxed fit with a fully elasticated waist. Garment is fully lined.</p><br>Model Height is <strong>5'8""</strong> and is wearing the size <strong> XS </strong><br><h3>Fabric and Wash Care</h3><br>Fabric: 100% polyester<br>Wash Care: Dry Clean Only",dashanddot,11980.0,https://cdn.shopify.com/s/files/1/0267/2394/2570/files/4_4dddda22-b5c1-4d75-86e5-ae9b097035fc.jpg?v=1765536441,https://cdn.shopify.com/s/files/1/0267/2394/2570/files/6_c3c83d19-9c2a-4199-9bd4-7157fe3cc431.jpg?v=1765536441,one-shoulder-lace-cape-with-cutowork-pant-set-d-25-bundle
25,8315257880746,SCALLOPED METALLIC LACE TOP & PANT,"title: SCALLOPED METALLIC LACE TOP & PANTproduct_type: Co-ord Setbody_html: <p>Intricate metallic cutwork lace peplum top with dark gold thread embroidery. V-neck popover placket with a band collar. Drop-shoulder elbow length sleeves with contrast satin black cuffs and snap button closure. High-low hem with slits in the sides. Comes with a slip. Paired with matching wide-leg relaxed fit with a scalloped hem and pockets in the sides. Concealed zip and hook/eye closure at the side. Garment is fully lined.</p>
<p><br>Model Height is <strong>5'6""""</strong> and is wearing the size <strong> XS </strong><br></p>
<h3>Fabric and Wash Care</h3>
<p><br>Fabric: 100% polyester<br>Wash Care: Machine wash cold. Gentle with like colours. Use only non-chlorine bleach. Cool iron if needed. Do not tumble dry""</p>",dashanddot,11980.0,https://cdn.shopify.com/s/files/1/0267/2394/2570/files/Artboard4_f686724e-aa5d-4649-967a-8414ba8f5db6.jpg?v=1765536689,https://cdn.shopify.com/s/files/1/0267/2394/2570/files/4_ba195f72-49de-436b-a8c0-6a8e6990d952.jpg?v=1765536726,scalloped-metallic-lace-top-pant
26,8315251851434,PAILLETTE EMBROIDERED VELVET SUIT,"title: PAILLETTE EMBROIDERED VELVET SUITproduct_type: Co-ord Setbody_html: <p>Black velvet blazer accented with metallic rose-gold paillettes. The lapel is framed with closely placed paillettes that create a refined glow, opening into a gentle scatter across the body and sleeves. The mixed-metal tones sit softly on the velvet, giving the surface a muted, shifting sparkle. Full sleeves with a subtle concentration of sequins near the cuffs. Concealed hook/eye closure at the front. Fully lined. Paired with matching velvet wide-leg pant embroidered with metallic rose-gold paillettes. The paillettes are lightly scattered through the upper half, forming a soft mixed-metal shimmer that gradually builds toward the hem. Tiny bead-like sequins link the sequins, giving the surface a smooth, blended transition. Semi-elasticated waist with a side zipper and concealed hook/eye closure. Pocket on the wearer's left. Relaxed fit. Fully lined.</p><br>Model Height is <strong>5'8""</strong> and is wearing the size <strong> XS </strong><br><h3>Fabric and Wash Care</h3><br>Fabric: 100% recycled polyester<br>Wash Care: Hand wash cold. Use only non-chlorine bleach. Cool iron if needed. Line dry. Do not dry clean.",dashanddot,24980.0,https://cdn.shopify.com/s/files/1/0267/2394/2570/files/5_045a49eb-5189-4265-8755-2a1e6a5582b1.jpg?v=1767673251,https://cdn.shopify.com/s/files/1/0267/2394/2570/files/Artboard1_76e6dc44-336f-4ebc-8b35-715e7dbdacf6.jpg?v=1767673251,paillette-embroidered-velvet-suit-d-25-bundle
27,8315250344106,METALLIC LACE GOWN & CAPE,"title: METALLIC LACE GOWN & CAPEproduct_type: Co-ord Setbody_html: <p>Cutout macramé metallic lace cape with hand-applied sequins and soutache, jeweled knot buttons at the neck. Paired with cutout macramé metallic lace maxi column gown with hand-applied sequins that add subtle shimmer. Detachable and adjustable straps and removable pad pockets. Side slit and zip for closure. Dress is fully lined.</p>
<p><br>Model Height is <strong>5'8""""</strong> and is wearing the size <strong> XS </strong><br></p>
<h3>Fabric and Wash Care</h3>
<p><br>Fabric: 100% cotton<br>Wash Care: Hand wash cold. Use only non-chlorine bleach. Cool iron if needed. Line dry. Do not dry clean.""</p>",dashanddot,17980.0,https://cdn.shopify.com/s/files/1/0267/2394/2570/files/7_0ead4643-8c96-4c5d-89c1-3ae826a1a9cc.jpg?v=1765536420,https://cdn.shopify.com/s/files/1/0267/2394/2570/files/1_c0139476-4c42-4cf0-98f0-684add94206c.jpg?v=1765536457,metallic-lace-gown-cape-d-25-bundle
28,8315248967850,GOLD EMBROIDERED FLARED PANT SET,"title: GOLD EMBROIDERED FLARED PANT SETproduct_type: Co-ord Setbody_html: <p>Metallic gold thread and sequin embroidered longline top in ornate baroque inspired motifs on a black base. Rich shimmer with 3D texture. Round neckline with full sleeves. Scalloped hem. Button and loop closure at the back. Garment is fully lined. Paired with matching flared pant. Semi-elasticated at the back. Zipper and hook/eye closure in the side. Scalloped hem. Garment is fully lined. The embroidery is intricately layered, creating a detailed, dimensional surface that gives the piece its striking, sculpted look.</p>
<p><br>Model Height is <strong>5'7""</strong> and is wearing the size <strong> XS</strong><br></p>
<h3>Fabric and Wash Care</h3>
<p><br>Fabric: 100% recycled polyester<br><br>Wash Care: Hand wash cold. Use only non-chlorine bleach. Cool iron if needed. Line dry. Do not dry clean.</p>",dashanddot,19980.0,https://cdn.shopify.com/s/files/1/0267/2394/2570/files/Group2set_af85e158-3ac0-4f52-a43c-0e4b9e5b5f4a.jpg?v=1765536858,https://cdn.shopify.com/s/files/1/0267/2394/2570/files/Group5set_4d467d3c-6faa-4e07-bd9a-e917009de6f7.jpg?v=1767672589,gold-embroidered-flared-pant-set-d-25-bundle
29,8315156463786,CRYSTAL EMBELLISHED BLAZER,"title: CRYSTAL EMBELLISHED BLAZERproduct_type: Topbody_html: <p>Black tailored blazer with hand-applied crystal swarovski embellishment. Placed along the shoulders, extending softly onto the sleeves across the front and back. Lapel collar with a sharp, structured finish. Long sleeves and self-fabric buttons at the front. Garment is fully lined</p>
<p><br>Model Height is <strong>5'6""</strong> and is wearing the size <strong> XS </strong><br></p>
<h3>Fabric and Wash Care</h3>
<p><br>Fabric: 100% polyester<br>Wash Care: Dry Clean Only</p>",dashanddot,10990.0,https://cdn.shopify.com/s/files/1/0267/2394/2570/files/c_f1972dd0-e395-42ca-8f5c-304857318bac.jpg?v=1765537444,https://cdn.shopify.com/s/files/1/0267/2394/2570/files/2_8766febd-8614-4e08-8285-56c24a38b80b.jpg?v=1765537547,crystal-embellished-blazer-d-25
